﻿<?xml version="1.0" encoding="UTF-8"?>
<customUI xmlns="http://schemas.microsoft.com/office/2009/07/customui" onLoad="Ribbon_Load">
  <ribbon>
    <tabs>
      <tab id="Mytab" idMso="TabAddIns">
        <group id="MyGroup"
               label="My Group">
        </group>
        <group id="ContentGroup" label="Content">
          <button id="textButton" label="Insert Text"
               screentip="Text" onAction="OnTextButton"
               supertip="Inserts text at the cursor location."/>
          <button id="tableButton" label="Insert Table"
               screentip="Table" onAction="OnTableButton"
               supertip="Inserts a table at the cursor location."/>
        </group>

      </tab>
    </tabs>
  </ribbon>
</customUI>

